SkillName,tier1,tier2,tier3,ParentSkillMapping,tier5
Recruitment and Selection,Corporate,HR,,,Skill
Talent Acquisition,Corporate,HR,,,Skill
Candidate Sourcing,Corporate,HR,,,Skill
Interviewing Techniques,Corporate,HR,,,Skill
Job Analysis and Job Descriptions,Corporate,HR,,,Skill
Employee Onboarding,Corporate,HR,,,Skill
Employee Engagement,Corporate,HR,,,Skill
Performance Management,Corporate,HR,,,Skill
Compensation and Benefits Administration,Corporate,HR,,,Skill
Payroll Management,Corporate,HR,,,Skill
Employee Relations,Corporate,HR,,,Skill
Conflict Resolution,Corporate,HR,,,Skill
Labor Law and Employment Regulations,Corporate,HR,,,Skill
Employee Training and Development,Corporate,HR,,,Skill
Learning Management Systems (LMS),Corporate,HR,,,Skill
Succession Planning,Corporate,HR,,,Skill
Leadership Development,Corporate,HR,,,Skill
Diversity and Inclusion,Corporate,HR,,,Skill
Organizational Development,Corporate,HR,,,Skill
Change Management,Corporate,HR,,,Skill
HR Policy Development and Implementation,Corporate,HR,,,Skill
Employee Retention Strategies,Corporate,HR,,,Skill
Talent Management,Corporate,HR,,,Skill
Workforce Planning,Corporate,HR,,,Skill
HR Metrics and Analytics,Corporate,HR,,,Skill
HR Information Systems (HRIS),Corporate,HR,,,Skill
Employee Wellness Programs,Corporate,HR,,,Skill
Workplace Safety and Occupational Health,Corporate,HR,,,Skill
HR Compliance and Audit,Corporate,HR,,,Skill
Employee Performance Evaluation,Corporate,HR,,,Skill
HR Budgeting and Cost Management,Corporate,HR,,,Skill
Employee Benefits Administration,Corporate,HR,,,Skill
Employee Satisfaction Surveys,Corporate,HR,,,Skill
HR Strategic Planning,Corporate,HR,,,Skill
HR Data Privacy and Security,Corporate,HR,,,Skill
HR Reporting and Documentation,Corporate,HR,,,Skill
Employment Law and Regulations,Corporate,HR,,,Skill
HR Vendor Management,Corporate,HR,,,Skill
HR Project Management,Corporate,HR,,,Skill
HR Consultancy,Corporate,HR,,,Skill
Coaching and Mentoring,Corporate,HR,,,Skill
Conflict Management,Corporate,HR,,,Skill
Emotional Intelligence,Corporate,HR,,,Skill
Communication and Interpersonal Skills,Corporate,HR,,,Skill
Active Listening,Corporate,HR,,,Skill
Problem-Solving and Decision-Making,Corporate,HR,,,Skill
Ethics and Integrity,Corporate,HR,,,Skill
Analytical Skills,Corporate,HR,,,Skill
Attention to Detail,Corporate,HR,,,Skill
Time Management and Prioritization,Corporate,HR,,,Skill
Multitasking,Corporate,HR,,,Skill
Teamwork and Collaboration,Corporate,HR,,,Skill
Flexibility and Adaptability,Corporate,HR,,,Skill
Leadership and Management Skills,Corporate,HR,,,Skill
Presentation Skills,Corporate,HR,,,Skill
Negotiation and Influencing Skills,Corporate,HR,,,Skill
Data Analysis and Interpretation,Corporate,HR,,,Skill
Business Acumen,Corporate,HR,,,Skill
Critical Thinking,Corporate,HR,,,Skill
Relationship Building,Corporate,HR,,,Skill
Empathy and Compassion,Corporate,HR,,,Skill
Confidentiality and Discretion,Corporate,HR,,,Skill
Conflict Resolution,Corporate,HR,,,Skill
Cross-Cultural Competence,Corporate,HR,,,Skill
Project Management,Corporate,HR,,,Skill
Strategic Thinking,Corporate,HR,,,Skill
Organizational Skills,Corporate,HR,,,Skill
Decision-Making,Corporate,HR,,,Skill
Budgeting and Financial Management,Corporate,HR,,,Skill
Technical Skills (e.g.,Corporate,HR,,,Skill
Problem Analysis and Resolution,Corporate,HR,,,Skill
Vendor Management,Corporate,HR,,,Skill
Training and Facilitation,Corporate,HR,,,Skill
Knowledge of HR Best Practices,Corporate,HR,,,Skill
Job Analysis,Corporate,HR,Recruitment,,Skill
Candidate Sourcing,Corporate,HR,Recruitment,,Skill
Candidate Screening,Corporate,HR,Recruitment,,Skill
Interviewing Techniques,Corporate,HR,Recruitment,,Skill
Behavioral Interviewing,Corporate,HR,Recruitment,,Skill
Applicant Tracking Systems (ATS),Corporate,HR,Recruitment,,Skill
Candidate Assessment,Corporate,HR,Recruitment,,Skill
Employer Branding,Corporate,HR,Recruitment,,Skill
Negotiation and Offer Management,Corporate,HR,Recruitment,,Skill
Networking,Corporate,HR,Recruitment,,Skill
Diversity and Inclusion,Corporate,HR,Recruitment,,Skill
Social Media Recruitment,Corporate,HR,Recruitment,,Skill
Relationship Building,Corporate,HR,Recruitment,,Skill
Candidate Experience,Corporate,HR,Recruitment,,Skill
Talent Pipelining,Corporate,HR,Recruitment,,Skill
Data-driven Recruitment,Corporate,HR,Recruitment,,Skill
Candidate Assessment,Corporate,HR,Recruitment,,Skill
Client Relationship Management,Corporate,HR,Recruitment,Executive Search,Skill
Needs Assessment and Job Analysis,Corporate,HR,Recruitment,Executive Search,Skill
Candidate Sourcing and Research,Corporate,HR,Recruitment,Executive Search,Skill
Executive Networking,Corporate,HR,Recruitment,Executive Search,Skill
Industry Knowledge and Research,Corporate,HR,Recruitment,Executive Search,Skill
Candidate Screening and Assessment,Corporate,HR,Recruitment,Executive Search,Skill
Competency-Based Interviewing,Corporate,HR,Recruitment,Executive Search,Skill
Behavioral Interviewing,Corporate,HR,Recruitment,Executive Search,Skill
Executive Assessment Tools and Methods,Corporate,HR,Recruitment,Executive Search,Skill
Candidate Engagement and Relationship Building,Corporate,HR,Recruitment,Executive Search,Skill
Negotiation and Offer Management,Corporate,HR,Recruitment,Executive Search,Skill
Confidentiality and Discretion,Corporate,HR,Recruitment,Executive Search,Skill
Executive Compensation and Benefits Knowledge,Corporate,HR,Recruitment,Executive Search,Skill
Market Analysis and Talent Mapping,Corporate,HR,Recruitment,Executive Search,Skill
Succession Planning,Corporate,HR,Recruitment,Executive Search,Skill
Executive Leadership Assessment,Corporate,HR,Recruitment,Executive Search,Skill
Cultural Fit Assessment,Corporate,HR,Recruitment,Executive Search,Skill
Candidate Due Diligence,Corporate,HR,Recruitment,Executive Search,Skill
Strong Communication and Presentation Skills,Corporate,HR,Recruitment,Executive Search,Skill
Project Management,Corporate,HR,Recruitment,Executive Search,Skill
Data Analysis and Reporting,Corporate,HR,Recruitment,Executive Search,Skill
Emotional Intelligence and Empathy,Corporate,HR,Recruitment,Executive Search,Skill
Strategic Thinking,Corporate,HR,Recruitment,Executive Search,Skill
Adaptability and Flexibility,Corporate,HR,Recruitment,Executive Search,Skill
Relationship Management with Board Members and C-Suite Executives,Corporate,HR,Recruitment,Executive Search,Skill
Knowledge of Corporate Governance,Corporate,HR,Recruitment,Executive Search,Skill
Executive Coaching and Development,Corporate,HR,Recruitment,Executive Search,Skill
Industry Trends and Insights,Corporate,HR,Recruitment,Executive Search,Skill
Organizational and Industry Benchmarking,Corporate,HR,Recruitment,Executive Search,Skill
Executive Talent Pipelining,Corporate,HR,Recruitment,Executive Search,Skill
Global Executive Search Expertise,Corporate,HR,Recruitment,Executive Search,Skill
Research Skills for Identifying Potential Candidates,Corporate,HR,Recruitment,Executive Search,Skill
Teamwork and Collaboration,Corporate,HR,Recruitment,Executive Search,Skill
Strong Business Acumen,Corporate,HR,Recruitment,Executive Search,Skill
Digital Recruitment Tools and Platforms,Corporate,HR,Recruitment,Executive Search,Skill
Understanding of Regulatory Compliance and Legal Considerations,Corporate,HR,Recruitment,Executive Search,Skill
Ability to Navigate Complex Search Assignments,Corporate,HR,Recruitment,Executive Search,Skill
Strong Decision-Making Skills,Corporate,HR,Recruitment,Executive Search,Skill
Problem-Solving Skills,Corporate,HR,Recruitment,Executive Search,Skill
Vendor and Stakeholder Management,Corporate,HR,Recruitment,Executive Search,Skill
Data Collection Techniques,Corporate,HR,Recruitment,Job Analysis,Skill
Interviewing Skills,Corporate,HR,Recruitment,Job Analysis,Skill
Questionnaire Design,Corporate,HR,Recruitment,Job Analysis,Skill
Observation Techniques,Corporate,HR,Recruitment,Job Analysis,Skill
Critical Thinking,Corporate,HR,Recruitment,Job Analysis,Skill
Analytical Skills,Corporate,HR,Recruitment,Job Analysis,Skill
Research Skills,Corporate,HR,Recruitment,Job Analysis,Skill
Data Analysis and Interpretation,Corporate,HR,Recruitment,Job Analysis,Skill
Job Description Development,Corporate,HR,Recruitment,Job Analysis,Skill
Task Analysis,Corporate,HR,Recruitment,Job Analysis,Skill
Competency Mapping,Corporate,HR,Recruitment,Job Analysis,Skill
Knowledge of Occupational Classification Systems,Corporate,HR,Recruitment,Job Analysis,Skill
Statistical Analysis,Corporate,HR,Recruitment,Job Analysis,Skill
Decision-Making Skills,Corporate,HR,Recruitment,Job Analysis,Skill
Organizational Skills,Corporate,HR,Recruitment,Job Analysis,Skill
Attention to Detail,Corporate,HR,Recruitment,Job Analysis,Skill
Effective Communication Skills,Corporate,HR,Recruitment,Job Analysis,Skill
Report Writing,Corporate,HR,Recruitment,Job Analysis,Skill
Documentation Skills,Corporate,HR,Recruitment,Job Analysis,Skill
Project Management,Corporate,HR,Recruitment,Job Analysis,Skill
Collaboration and Teamwork,Corporate,HR,Recruitment,Job Analysis,Skill
Presentation Skills,Corporate,HR,Recruitment,Job Analysis,Skill
Time Management,Corporate,HR,Recruitment,Job Analysis,Skill
Problem-Solving Skills,Corporate,HR,Recruitment,Job Analysis,Skill
Interview Skills,Corporate,HR,Recruitment,Job Analysis,Skill
Facilitation Skills,Corporate,HR,Recruitment,Job Analysis,Skill
Technical Writing Skills,Corporate,HR,Recruitment,Job Analysis,Skill
Boolean Search Techniques,Corporate,HR,Recruitment,Candidate Sourcing,Skill
Online Job Boards,Corporate,HR,Recruitment,Candidate Sourcing,Skill
Social Media Recruiting,Corporate,HR,Recruitment,Candidate Sourcing,Skill
Candidate Database Management,Corporate,HR,Recruitment,Candidate Sourcing,Skill
Networking Skills,Corporate,HR,Recruitment,Candidate Sourcing,Skill
Referral Programs,Corporate,HR,Recruitment,Candidate Sourcing,Skill
Direct Sourcing,Corporate,HR,Recruitment,Candidate Sourcing,Skill
Talent Pipelining,Corporate,HR,Recruitment,Candidate Sourcing,Skill
Market Research,Corporate,HR,Recruitment,Candidate Sourcing,Skill
Competitor Analysis,Corporate,HR,Recruitment,Candidate Sourcing,Skill
Search Engine Optimization (SEO),Corporate,HR,Recruitment,Candidate Sourcing,Skill
Search Strings and Keywords,Corporate,HR,Recruitment,Candidate Sourcing,Skill
Candidate Outreach and Engagement,Corporate,HR,Recruitment,Candidate Sourcing,Skill
Cold Calling,Corporate,HR,Recruitment,Candidate Sourcing,Skill
Email Marketing,Corporate,HR,Recruitment,Candidate Sourcing,Skill
ATS and CRM Systems,Corporate,HR,Recruitment,Candidate Sourcing,Skill
Data Mining,Corporate,HR,Recruitment,Candidate Sourcing,Skill
Advanced Internet Research,Corporate,HR,Recruitment,Candidate Sourcing,Skill
LinkedIn Recruiter,Corporate,HR,Recruitment,Candidate Sourcing,Skill
Boolean Operators,Corporate,HR,Recruitment,Candidate Sourcing,Skill
Industry Knowledge,Corporate,HR,Recruitment,Candidate Sourcing,Skill
Candidate Screening,Corporate,HR,Recruitment,Candidate Sourcing,Skill
Candidate Evaluation,Corporate,HR,Recruitment,Candidate Sourcing,Skill
Candidate Tracking,Corporate,HR,Recruitment,Candidate Sourcing,Skill
Relationship Building,Corporate,HR,Recruitment,Candidate Sourcing,Skill
Time Management,Corporate,HR,Recruitment,Candidate Sourcing,Skill
Organizational Skills,Corporate,HR,Recruitment,Candidate Sourcing,Skill
Communication Skills,Corporate,HR,Recruitment,Candidate Sourcing,Skill
Negotiation Skills,Corporate,HR,Recruitment,Candidate Sourcing,Skill
Analytical Skills,Corporate,HR,Recruitment,Candidate Sourcing,Skill
Attention to Detail,Corporate,HR,Recruitment,Candidate Sourcing,Skill
Multitasking,Corporate,HR,Recruitment,Candidate Sourcing,Skill
Creativity,Corporate,HR,Recruitment,Candidate Sourcing,Skill
Problem-Solving Skills,Corporate,HR,Recruitment,Candidate Sourcing,Skill
Adaptability,Corporate,HR,Recruitment,Candidate Sourcing,Skill
Persistence,Corporate,HR,Recruitment,Candidate Sourcing,Skill
Resume Screening,Corporate,HR,Recruitment,Candidate Screening,Skill
Application Review,Corporate,HR,Recruitment,Candidate Screening,Skill
Candidate Evaluation,Corporate,HR,Recruitment,Candidate Screening,Skill
Phone Screening,Corporate,HR,Recruitment,Candidate Screening,Skill
Interviewing Skills,Corporate,HR,Recruitment,Candidate Screening,Skill
Behavioral Interviewing,Corporate,HR,Recruitment,Candidate Screening,Skill
Technical Interviewing,Corporate,HR,Recruitment,Candidate Screening,Skill
Competency-Based Interviewing,Corporate,HR,Recruitment,Candidate Screening,Skill
Assessment Test Administration,Corporate,HR,Recruitment,Candidate Screening,Skill
Reference Checking,Corporate,HR,Recruitment,Candidate Screening,Skill
Background Checks,Corporate,HR,Recruitment,Candidate Screening,Skill
Job Fit Assessment,Corporate,HR,Recruitment,Candidate Screening,Skill
Skills Assessment,Corporate,HR,Recruitment,Candidate Screening,Skill
Qualification Verification,Corporate,HR,Recruitment,Candidate Screening,Skill
Candidate Ranking and Scoring,Corporate,HR,Recruitment,Candidate Screening,Skill
Attention to Detail,Corporate,HR,Recruitment,Candidate Screening,Skill
Critical Thinking,Corporate,HR,Recruitment,Candidate Screening,Skill
Analytical Skills,Corporate,HR,Recruitment,Candidate Screening,Skill
Decision-Making Skills,Corporate,HR,Recruitment,Candidate Screening,Skill
Problem-Solving Skills,Corporate,HR,Recruitment,Candidate Screening,Skill
Communication Skills,Corporate,HR,Recruitment,Candidate Screening,Skill
Interpersonal Skills,Corporate,HR,Recruitment,Candidate Screening,Skill
Time Management,Corporate,HR,Recruitment,Candidate Screening,Skill
Organizational Skills,Corporate,HR,Recruitment,Candidate Screening,Skill
Attention to Legal and Ethical Guidelines,Corporate,HR,Recruitment,Candidate Screening,Skill
Multitasking,Corporate,HR,Recruitment,Candidate Screening,Skill
Adaptability,Corporate,HR,Recruitment,Candidate Screening,Skill
Conflict Resolution,Corporate,HR,Recruitment,Candidate Screening,Skill
Interview Note-Taking,Corporate,HR,Recruitment,Candidate Screening,Skill
Data Analysis and Interpretation,Corporate,HR,Recruitment,Candidate Screening,Skill
"Technology Proficiency (e.g., ATS, screening software)",Corporate,HR,Recruitment,Candidate Screening,Skill
Teamwork and Collaboration,Corporate,HR,Recruitment,Candidate Screening,Skill
Objectivity,Corporate,HR,Recruitment,Candidate Screening,Skill
Interview Evaluation,Corporate,HR,Recruitment,Candidate Screening,Skill
Feedback and Reporting,Corporate,HR,Recruitment,Candidate Screening,Skill
Candidate Experience Management,Corporate,HR,Recruitment,Candidate Screening,Skill
Behavioral Interviewing,Corporate,HR,Recruitment,Interview Techniques,Skill
Competency-Based Interviewing,Corporate,HR,Recruitment,Interview Techniques,Skill
Structured Interviewing,Corporate,HR,Recruitment,Interview Techniques,Skill
Situational Interviewing,Corporate,HR,Recruitment,Interview Techniques,Skill
Panel Interviewing,Corporate,HR,Recruitment,Interview Techniques,Skill
Phone Interviewing,Corporate,HR,Recruitment,Interview Techniques,Skill
Group Interviewing,Corporate,HR,Recruitment,Interview Techniques,Skill
Technical Interviewing,Corporate,HR,Recruitment,Interview Techniques,Skill
Stress Interviewing,Corporate,HR,Recruitment,Interview Techniques,Skill
Case Interviewing,Corporate,HR,Recruitment,Interview Techniques,Skill
Cultural Fit Interviewing,Corporate,HR,Recruitment,Interview Techniques,Skill
Probing and Follow-up Questions,Corporate,HR,Recruitment,Interview Techniques,Skill
Active Listening,Corporate,HR,Recruitment,Interview Techniques,Skill
Nonverbal Communication,Corporate,HR,Recruitment,Interview Techniques,Skill
Empathy and Emotional Intelligence,Corporate,HR,Recruitment,Interview Techniques,Skill
Conflict Resolution,Corporate,HR,Recruitment,Interview Techniques,Skill
Problem-Solving Skills,Corporate,HR,Recruitment,Interview Techniques,Skill
Critical Thinking,Corporate,HR,Recruitment,Interview Techniques,Skill
Decision-Making Skills,Corporate,HR,Recruitment,Interview Techniques,Skill
Flexibility and Adaptability,Corporate,HR,Recruitment,Interview Techniques,Skill
Communication Skills,Corporate,HR,Recruitment,Interview Techniques,Skill
Interpersonal Skills,Corporate,HR,Recruitment,Interview Techniques,Skill
Time Management,Corporate,HR,Recruitment,Interview Techniques,Skill
Organizational Skills,Corporate,HR,Recruitment,Interview Techniques,Skill
Attention to Detail,Corporate,HR,Recruitment,Interview Techniques,Skill
Analytical Skills,Corporate,HR,Recruitment,Interview Techniques,Skill
Interview Evaluation,Corporate,HR,Recruitment,Interview Techniques,Skill
Candidate Engagement,Corporate,HR,Recruitment,Interview Techniques,Skill
Interview Note-Taking,Corporate,HR,Recruitment,Interview Techniques,Skill
Interview Rating and Scoring,Corporate,HR,Recruitment,Interview Techniques,Skill
Interview Feedback and Reporting,Corporate,HR,Recruitment,Interview Techniques,Skill
Technology Proficiency,Corporate,HR,Recruitment,Interview Techniques,Skill
Professionalism and Ethical Conduct,Corporate,HR,Recruitment,Interview Techniques,Skill
Asking Open-Ended Questions,Corporate,HR,Recruitment,Behavioral Interviewing,Skill
Active Listening,Corporate,HR,Recruitment,Behavioral Interviewing,Skill
Probing for Details,Corporate,HR,Recruitment,Behavioral Interviewing,Skill
Clarifying Ambiguities,Corporate,HR,Recruitment,Behavioral Interviewing,Skill
Understanding Motivations and Values,Corporate,HR,Recruitment,Behavioral Interviewing,Skill
Assessing Problem-Solving Skills,Corporate,HR,Recruitment,Behavioral Interviewing,Skill
Evaluating Communication Skills,Corporate,HR,Recruitment,Behavioral Interviewing,Skill
Analyzing Decision-Making Abilities,Corporate,HR,Recruitment,Behavioral Interviewing,Skill
Measuring Adaptability and Flexibility,Corporate,HR,Recruitment,Behavioral Interviewing,Skill
Assessing Leadership Potential,Corporate,HR,Recruitment,Behavioral Interviewing,Skill
Understanding Teamwork and Collaboration,Corporate,HR,Recruitment,Behavioral Interviewing,Skill
Identifying Conflict Resolution Skills,Corporate,HR,Recruitment,Behavioral Interviewing,Skill
Evaluating Time Management,Corporate,HR,Recruitment,Behavioral Interviewing,Skill
Assessing Organizational Skills,Corporate,HR,Recruitment,Behavioral Interviewing,Skill
Measuring Attention to Detail,Corporate,HR,Recruitment,Behavioral Interviewing,Skill
Evaluating Critical Thinking Abilities,Corporate,HR,Recruitment,Behavioral Interviewing,Skill
Assessing Customer Service Orientation,Corporate,HR,Recruitment,Behavioral Interviewing,Skill
Understanding Initiative and Drive,Corporate,HR,Recruitment,Behavioral Interviewing,Skill
Assessing Goal Orientation,Corporate,HR,Recruitment,Behavioral Interviewing,Skill
Evaluating Resilience and Stress Management,Corporate,HR,Recruitment,Behavioral Interviewing,Skill
Identifying Creativity and Innovation,Corporate,HR,Recruitment,Behavioral Interviewing,Skill
Understanding Ethics and Integrity,Corporate,HR,Recruitment,Behavioral Interviewing,Skill
Assessing Cultural Fit,Corporate,HR,Recruitment,Behavioral Interviewing,Skill
Evaluating Conflict Management Skills,Corporate,HR,Recruitment,Behavioral Interviewing,Skill
Measuring Emotional Intelligence,Corporate,HR,Recruitment,Behavioral Interviewing,Skill
Assessing Problem-Solving Abilities,Corporate,HR,Recruitment,Behavioral Interviewing,Skill
Understanding Analytical Skills,Corporate,HR,Recruitment,Behavioral Interviewing,Skill
Evaluating Relationship Building Skills,Corporate,HR,Recruitment,Behavioral Interviewing,Skill
Identifying Influence and Persuasion Skills,Corporate,HR,Recruitment,Behavioral Interviewing,Skill
Assessing Change Management Abilities,Corporate,HR,Recruitment,Behavioral Interviewing,Skill
Workday,Corporate,HR,Recruitment,Application Tracking Systems,System or Service
BambooHR,Corporate,HR,Recruitment,Application Tracking Systems,System or Service
Greenhouse,Corporate,HR,Recruitment,Application Tracking Systems,System or Service
iCIMS,Corporate,HR,Recruitment,Application Tracking Systems,System or Service
Jobvite,Corporate,HR,Recruitment,Application Tracking Systems,System or Service
Kenexa BrassRing,Corporate,HR,Recruitment,Application Tracking Systems,System or Service
Oracle Taleo,Corporate,HR,Recruitment,Application Tracking Systems,System or Service
SAP SuccessFactors,Corporate,HR,Recruitment,Application Tracking Systems,System or Service
Workable,Corporate,HR,Recruitment,Application Tracking Systems,System or Service
Zoho Recruit,Corporate,HR,Recruitment,Application Tracking Systems,System or Service
ApplicantStack,Corporate,HR,Recruitment,Application Tracking Systems,System or Service
SmartRecruiters,Corporate,HR,Recruitment,Application Tracking Systems,System or Service
Lever,Corporate,HR,Recruitment,Application Tracking Systems,System or Service
Recruitee,Corporate,HR,Recruitment,Application Tracking Systems,System or Service
CATS Applicant Tracking System,Corporate,HR,Recruitment,Application Tracking Systems,System or Service
ClearCompany,Corporate,HR,Recruitment,Application Tracking Systems,System or Service
JobAdder,Corporate,HR,Recruitment,Application Tracking Systems,System or Service
Teamtailor,Corporate,HR,Recruitment,Application Tracking Systems,System or Service
UltiPro,Corporate,HR,Recruitment,Application Tracking Systems,System or Service
CEIPAL TalentHire,Corporate,HR,Recruitment,Application Tracking Systems,System or Service
JobScore,Corporate,HR,Recruitment,Application Tracking Systems,System or Service
JazzHR,Corporate,HR,Recruitment,Application Tracking Systems,System or Service
JobDiva,Corporate,HR,Recruitment,Application Tracking Systems,System or Service
TrackerRMS,Corporate,HR,Recruitment,Application Tracking Systems,System or Service
Employer Value Proposition (EVP) Development,Corporate,HR,Recruitment,Employer Branding,System or Service
Brand Messaging and Storytelling,Corporate,HR,Recruitment,Employer Branding,System or Service
Employer Brand Strategy,Corporate,HR,Recruitment,Employer Branding,System or Service
Internal Communication,Corporate,HR,Recruitment,Employer Branding,System or Service
External Communication and PR,Corporate,HR,Recruitment,Employer Branding,System or Service
Content Creation and Copywriting,Corporate,HR,Recruitment,Employer Branding,System or Service
Social Media Management,Corporate,HR,Recruitment,Employer Branding,System or Service
Employer Branding Campaigns,Corporate,HR,Recruitment,Employer Branding,System or Service
Employee Advocacy Programs,Corporate,HR,Recruitment,Employer Branding,System or Service
Employer Branding Metrics and Analytics,Corporate,HR,Recruitment,Employer Branding,System or Service
Creative Design,Corporate,HR,Recruitment,Employer Branding,System or Service
Employer Branding Events and Activities,Corporate,HR,Recruitment,Employer Branding,System or Service
Employer Brand Research and Insights,Corporate,HR,Recruitment,Employer Branding,System or Service
Employer Brand Activation,Corporate,HR,Recruitment,Employer Branding,System or Service
Employer Brand Monitoring and Reputation Management,Corporate,HR,Recruitment,Employer Branding,System or Service
Talent Attraction Strategies,Corporate,HR,Recruitment,Employer Branding,System or Service
Candidate Experience Management,Corporate,HR,Recruitment,Employer Branding,System or Service
Employer Brand Training and Education,Corporate,HR,Recruitment,Employer Branding,System or Service
Employer Branding Partnerships and Collaborations,Corporate,HR,Recruitment,Employer Branding,System or Service
Internal Brand Ambassador Programs,Corporate,HR,Recruitment,Employer Branding,System or Service
Employer Branding Collateral and Materials,Corporate,HR,Recruitment,Employer Branding,System or Service
Employee Value Proposition Communication,Corporate,HR,Recruitment,Employer Branding,System or Service
Employer Branding ROI Analysis,Corporate,HR,Recruitment,Employer Branding,System or Service
Employer Branding Technology and Tools,Corporate,HR,Recruitment,Employer Branding,System or Service
Employer Branding Budgeting and Resource Management,Corporate,HR,Recruitment,Employer Branding,System or Service
Employer Branding Best Practices,Corporate,HR,Recruitment,Employer Branding,System or Service
Preparation and Planning,Corporate,HR,Recruitment,Negotiation Management,System or Service
Active Listening,Corporate,HR,Recruitment,Negotiation Management,System or Service
Effective Communication,Corporate,HR,Recruitment,Negotiation Management,System or Service
Problem-Solving,Corporate,HR,Recruitment,Negotiation Management,System or Service
Analytical Thinking,Corporate,HR,Recruitment,Negotiation Management,System or Service
Emotional Intelligence,Corporate,HR,Recruitment,Negotiation Management,System or Service
Flexibility and Adaptability,Corporate,HR,Recruitment,Negotiation Management,System or Service
Assertiveness,Corporate,HR,Recruitment,Negotiation Management,System or Service
Persuasion and Influence,Corporate,HR,Recruitment,Negotiation Management,System or Service
Collaboration and Teamwork,Corporate,HR,Recruitment,Negotiation Management,System or Service
Conflict Resolution,Corporate,HR,Recruitment,Negotiation Management,System or Service
Decision-Making,Corporate,HR,Recruitment,Negotiation Management,System or Service
Strategic Thinking,Corporate,HR,Recruitment,Negotiation Management,System or Service
Creative Problem-Solving,Corporate,HR,Recruitment,Negotiation Management,System or Service
Negotiation Tactics and Techniques,Corporate,HR,Recruitment,Negotiation Management,System or Service
Building and Maintaining Relationships,Corporate,HR,Recruitment,Negotiation Management,System or Service
Empathy,Corporate,HR,Recruitment,Negotiation Management,System or Service
Resilience and Patience,Corporate,HR,Recruitment,Negotiation Management,System or Service
Analyzing and Assessing Options,Corporate,HR,Recruitment,Negotiation Management,System or Service
Compromise and Win-Win Solutions,Corporate,HR,Recruitment,Negotiation Management,System or Service
Maintaining Composure Under Pressure,Corporate,HR,Recruitment,Negotiation Management,System or Service
Managing Power Dynamics,Corporate,HR,Recruitment,Negotiation Management,System or Service
Recognizing and Managing Manipulative Tactics,Corporate,HR,Recruitment,Negotiation Management,System or Service
Understanding Cultural Differences,Corporate,HR,Recruitment,Negotiation Management,System or Service
Ethical Decision-Making,Corporate,HR,Recruitment,Negotiation Management,System or Service
Analyzing and Leveraging Interests,Corporate,HR,Recruitment,Negotiation Management,System or Service
Managing Deadlines and Time Pressure,Corporate,HR,Recruitment,Negotiation Management,System or Service
Risk Assessment and Management,Corporate,HR,Recruitment,Negotiation Management,System or Service
Information Gathering and Analysis,Corporate,HR,Recruitment,Negotiation Management,System or Service
Building Rapport and Trust,Corporate,HR,Recruitment,Negotiation Management,System or Service
Contractual Knowledge and Understanding,Corporate,HR,Recruitment,Negotiation Management,System or Service
Active Problem-Solving,Corporate,HR,Recruitment,Negotiation Management,System or Service
Verbal and Nonverbal Communication,Corporate,HR,Recruitment,Negotiation Management,System or Service
Negotiation Strategy Development,Corporate,HR,Recruitment,Negotiation Management,System or Service
Emotional Control,Corporate,HR,Recruitment,Negotiation Management,System or Service
Negotiation Process Management,Corporate,HR,Recruitment,Negotiation Management,System or Service
Listening Skills,Corporate,HR,Recruitment,Negotiation Management,System or Service
Persuasive Communication,Corporate,HR,Recruitment,Negotiation Management,System or Service
Relationship Building,Corporate,HR,Recruitment,Negotiation Management,System or Service
Conflict Management,Corporate,HR,Recruitment,Negotiation Management,System or Service
Active Listening,Corporate,HR,Recruitment,Networking (People),Skill
Effective Communication,Corporate,HR,Recruitment,Networking (People),Skill
Building Rapport,Corporate,HR,Recruitment,Networking (People),Skill
Nonverbal Communication,Corporate,HR,Recruitment,Networking (People),Skill
Small Talk,Corporate,HR,Recruitment,Networking (People),Skill
Initiating Conversations,Corporate,HR,Recruitment,Networking (People),Skill
Engaging and Maintaining Interest,Corporate,HR,Recruitment,Networking (People),Skill
Asking Thoughtful Questions,Corporate,HR,Recruitment,Networking (People),Skill
Remembering Names and Details,Corporate,HR,Recruitment,Networking (People),Skill
Expressing Empathy,Corporate,HR,Recruitment,Networking (People),Skill
Showing Interest and Curiosity,Corporate,HR,Recruitment,Networking (People),Skill
Reciprocity and Give-and-Take,Corporate,HR,Recruitment,Networking (People),Skill
Introducing Others,Corporate,HR,Recruitment,Networking (People),Skill
Follow-up and Follow-through,Corporate,HR,Recruitment,Networking (People),Skill
Networking Etiquette,Corporate,HR,Recruitment,Networking (People),Skill
Professionalism,Corporate,HR,Recruitment,Networking (People),Skill
Confidence,Corporate,HR,Recruitment,Networking (People),Skill
Networking in Diverse Settings,Corporate,HR,Recruitment,Networking (People),Skill
Adaptability,Corporate,HR,Recruitment,Networking (People),Skill
Creating a Positive First Impression,Corporate,HR,Recruitment,Networking (People),Skill
Building and Nurturing Relationships,Corporate,HR,Recruitment,Networking (People),Skill
Seeking Opportunities for Collaboration,Corporate,HR,Recruitment,Networking (People),Skill
Providing Value to Others,Corporate,HR,Recruitment,Networking (People),Skill
Building Trust and Credibility,Corporate,HR,Recruitment,Networking (People),Skill
Networking Online and Offline,Corporate,HR,Recruitment,Networking (People),Skill
Using Social Media for Networking,Corporate,HR,Recruitment,Networking (People),Skill
Attending Events and Conferences,Corporate,HR,Recruitment,Networking (People),Skill
Being Proactive and Initiative,Corporate,HR,Recruitment,Networking (People),Skill
Being Authentic and Genuine,Corporate,HR,Recruitment,Networking (People),Skill
Effective Storytelling,Corporate,HR,Recruitment,Networking (People),Skill
Recognizing and Utilizing Networking Opportunities,Corporate,HR,Recruitment,Networking (People),Skill
Understanding Cultural Differences,Corporate,HR,Recruitment,Networking (People),Skill
Leveraging Existing Connections,Corporate,HR,Recruitment,Networking (People),Skill
Maintaining a Professional Network,Corporate,HR,Recruitment,Networking (People),Skill
Seeking Mentors and Mentees,Corporate,HR,Recruitment,Networking (People),Skill
Networking in Professional Associations,Corporate,HR,Recruitment,Networking (People),Skill
Expanding Your Network,Corporate,HR,Recruitment,Networking (People),Skill
Referral and Recommendation Requests,Corporate,HR,Recruitment,Networking (People),Skill
Building an Online Professional Presence,Corporate,HR,Recruitment,Networking (People),Skill
Networking Follow-up Strategies,Corporate,HR,Recruitment,Networking (People),Skill
Building a Personal Brand,Corporate,HR,Recruitment,Networking (People),Skill
Creating and Managing LinkedIn Connections,Corporate,HR,Recruitment,Networking (People),Skill
Diverse Sourcing Strategies,Corporate,HR,Recruitment,Diversity and Inclusion,Skill
Candidate Outreach to Underrepresented Groups,Corporate,HR,Recruitment,Diversity and Inclusion,Skill
Inclusive Job Descriptions and Advertisements,Corporate,HR,Recruitment,Diversity and Inclusion,Skill
Unbiased Candidate Screening and Assessment,Corporate,HR,Recruitment,Diversity and Inclusion,Skill
Cultural Competency in Interviewing,Corporate,HR,Recruitment,Diversity and Inclusion,Skill
Diversity and Inclusion Training for Hiring Managers,Corporate,HR,Recruitment,Diversity and Inclusion,Skill
Diverse Interview Panels,Corporate,HR,Recruitment,Diversity and Inclusion,Skill
Candidate Experience for All Applicants,Corporate,HR,Recruitment,Diversity and Inclusion,Skill
Removing Bias from Hiring Decisions,Corporate,HR,Recruitment,Diversity and Inclusion,Skill
Promoting Diversity in Employer Branding,Corporate,HR,Recruitment,Diversity and Inclusion,Skill
Building Relationships with Diversity Organizations,Corporate,HR,Recruitment,Diversity and Inclusion,Skill
Collaborating with Employee Resource Groups,Corporate,HR,Recruitment,Diversity and Inclusion,Skill
Implementing Affirmative Action Programs,Corporate,HR,Recruitment,Diversity and Inclusion,Skill
Utilizing Blind Resumes and Applications,Corporate,HR,Recruitment,Diversity and Inclusion,Skill
Recognizing and Mitigating Unconscious Bias,Corporate,HR,Recruitment,Diversity and Inclusion,Skill
Analyzing and Reporting Diversity Metrics,Corporate,HR,Recruitment,Diversity and Inclusion,Skill
Developing Diversity Recruitment Strategies,Corporate,HR,Recruitment,Diversity and Inclusion,Skill
Diverse Talent Pipelining,Corporate,HR,Recruitment,Diversity and Inclusion,Skill
Creating Inclusive Onboarding Processes,Corporate,HR,Recruitment,Diversity and Inclusion,Skill
Employing Alternative Selection Methods,Corporate,HR,Recruitment,Diversity and Inclusion,Skill
Participating in Diversity Recruitment Events,Corporate,HR,Recruitment,Diversity and Inclusion,Skill
Establishing Diversity Hiring Goals,Corporate,HR,Recruitment,Diversity and Inclusion,Skill
Ensuring Equitable Compensation Practices,Corporate,HR,Recruitment,Diversity and Inclusion,Skill
Developing Diversity and Inclusion Initiatives,Corporate,HR,Recruitment,Diversity and Inclusion,Skill
Providing Resources for Diversity Candidates,Corporate,HR,Recruitment,Diversity and Inclusion,Skill
Inclusive Language in Job Postings and Communications,Corporate,HR,Recruitment,Diversity and Inclusion,Skill
Building Relationships with Diverse Communities,Corporate,HR,Recruitment,Diversity and Inclusion,Skill
Promoting Employee Referral Programs for Diversity,Corporate,HR,Recruitment,Diversity and Inclusion,Skill
Engaging with Diversity Recruitment Partners,Corporate,HR,Recruitment,Diversity and Inclusion,Skill
Understanding and Implementing Diversity Compliance,Corporate,HR,Recruitment,Diversity and Inclusion,Skill
Conducting Diversity Training for Recruiters,Corporate,HR,Recruitment,Diversity and Inclusion,Skill
Advocating for Diversity and Inclusion within the Organization,Corporate,HR,Recruitment,Diversity and Inclusion,Skill
Social Media Management,Corporate,HR,Recruitment,Social Media Recruitment,Skill
Content Creation and Curation,Corporate,HR,Recruitment,Social Media Recruitment,Skill
Social Media Advertising,Corporate,HR,Recruitment,Social Media Recruitment,Skill
Engagement and Community Management,Corporate,HR,Recruitment,Social Media Recruitment,Skill
Social Media Analytics and Insights,Corporate,HR,Recruitment,Social Media Recruitment,Skill
Targeted Audience Research,Corporate,HR,Recruitment,Social Media Recruitment,Skill
Branding and Messaging,Corporate,HR,Recruitment,Social Media Recruitment,Skill
Creative Visual Design,Corporate,HR,Recruitment,Social Media Recruitment,Skill
Copywriting and Editing,Corporate,HR,Recruitment,Social Media Recruitment,Skill
Hashtag Research and Optimization,Corporate,HR,Recruitment,Social Media Recruitment,Skill
Social Media Strategy Development,Corporate,HR,Recruitment,Social Media Recruitment,Skill
Employer Branding on Social Media,Corporate,HR,Recruitment,Social Media Recruitment,Skill
Building and Nurturing Online Relationships,Corporate,HR,Recruitment,Social Media Recruitment,Skill
Social Listening and Monitoring,Corporate,HR,Recruitment,Social Media Recruitment,Skill
Video Production and Editing,Corporate,HR,Recruitment,Social Media Recruitment,Skill
Campaign Planning and Execution,Corporate,HR,Recruitment,Social Media Recruitment,Skill
"Platform-Specific Knowledge (e.g., LinkedIn, Facebook, Twitter, Instagram)",Corporate,HR,Recruitment,Social Media Recruitment,Skill
Talent Sourcing through Social Media,Corporate,HR,Recruitment,Social Media Recruitment,Skill
Candidate Engagement and Relationship Building,Corporate,HR,Recruitment,Social Media Recruitment,Skill
Social Media Networking,Corporate,HR,Recruitment,Social Media Recruitment,Skill
Employer Reputation Management,Corporate,HR,Recruitment,Social Media Recruitment,Skill
Tracking and Reporting Social Media Metrics,Corporate,HR,Recruitment,Social Media Recruitment,Skill
Social Media Trends and Emerging Platforms,Corporate,HR,Recruitment,Social Media Recruitment,Skill
Understanding Algorithm Changes and Updates,Corporate,HR,Recruitment,Social Media Recruitment,Skill
A/B Testing and Optimization,Corporate,HR,Recruitment,Social Media Recruitment,Skill
Social Media Compliance and Legal Considerations,Corporate,HR,Recruitment,Social Media Recruitment,Skill
Collaboration with Marketing and Communications Teams,Corporate,HR,Recruitment,Social Media Recruitment,Skill
Leveraging Employee Advocacy on Social Media,Corporate,HR,Recruitment,Social Media Recruitment,Skill
Content Calendar Management,Corporate,HR,Recruitment,Social Media Recruitment,Skill
Conversion Tracking and Lead Generation,Corporate,HR,Recruitment,Social Media Recruitment,Skill
Building and Managing Social Media Communities,Corporate,HR,Recruitment,Social Media Recruitment,Skill
Staying Updated on Social Media Best Practices,Corporate,HR,Recruitment,Social Media Recruitment,Skill
Cross-Platform Promotion and Integration,Corporate,HR,Recruitment,Social Media Recruitment,Skill
Active Listening,Corporate,HR,Recruitment,Relationship Building Recruitement,Skill
Effective Communication,Corporate,HR,Recruitment,Relationship Building Recruitement,Skill
Empathy and Emotional Intelligence,Corporate,HR,Recruitment,Relationship Building Recruitement,Skill
Building Rapport and Trust,Corporate,HR,Recruitment,Relationship Building Recruitement,Skill
Networking and Relationship Building,Corporate,HR,Recruitment,Relationship Building Recruitement,Skill
Negotiation and Influencing Skills,Corporate,HR,Recruitment,Relationship Building Recruitement,Skill
Collaboration and Teamwork,Corporate,HR,Recruitment,Relationship Building Recruitement,Skill
Cultural Sensitivity and Understanding,Corporate,HR,Recruitment,Relationship Building Recruitement,Skill
Professionalism and Etiquette,Corporate,HR,Recruitment,Relationship Building Recruitement,Skill
Conflict Resolution,Corporate,HR,Recruitment,Relationship Building Recruitement,Skill
Interpersonal Skills,Corporate,HR,Recruitment,Relationship Building Recruitement,Skill
Time Management and Prioritization,Corporate,HR,Recruitment,Relationship Building Recruitement,Skill
Attention to Detail,Corporate,HR,Recruitment,Relationship Building Recruitement,Skill
Flexibility and Adaptability,Corporate,HR,Recruitment,Relationship Building Recruitement,Skill
Building and Maintaining Candidate Relationships,Corporate,HR,Recruitment,Relationship Building Recruitement,Skill
Stakeholder Management,Corporate,HR,Recruitment,Relationship Building Recruitement,Skill
Candidate Experience Management,Corporate,HR,Recruitment,Relationship Building Recruitement,Skill
Candidate Engagement Strategies,Corporate,HR,Recruitment,Relationship Building Recruitement,Skill
Client Relationship Management,Corporate,HR,Recruitment,Relationship Building Recruitement,Skill
Consultative Approach,Corporate,HR,Recruitment,Relationship Building Recruitement,Skill
Networking Events and Conferences,Corporate,HR,Recruitment,Relationship Building Recruitement,Skill
Follow-up and Follow-through,Corporate,HR,Recruitment,Relationship Building Recruitement,Skill
Building Relationships with Hiring Managers,Corporate,HR,Recruitment,Relationship Building Recruitement,Skill
Candidate Referral Programs,Corporate,HR,Recruitment,Relationship Building Recruitement,Skill
Building Relationships with Recruitment Partners,Corporate,HR,Recruitment,Relationship Building Recruitement,Skill
Building Relationships with Diversity Organizations,Corporate,HR,Recruitment,Relationship Building Recruitement,Skill
Maintaining a Candidate Pipeline,Corporate,HR,Recruitment,Relationship Building Recruitement,Skill
Proactive Communication and Updates,Corporate,HR,Recruitment,Relationship Building Recruitement,Skill
Relationships with Alumni Networks,Corporate,HR,Recruitment,Relationship Building Recruitement,Skill
Building Relationships with Industry Associations,Corporate,HR,Recruitment,Relationship Building Recruitement,Skill
Building Relationships with Employee Resource Groups,Corporate,HR,Recruitment,Relationship Building Recruitement,Skill
Maintaining a Professional Network,Corporate,HR,Recruitment,Relationship Building Recruitement,Skill
Building and Nurturing Relationships with Passive Candidates,Corporate,HR,Recruitment,Relationship Building Recruitement,Skill
Building and Managing Relationships with External Vendors,Corporate,HR,Recruitment,Relationship Building Recruitement,Skill
Building Relationships with Educational Institutions,Corporate,HR,Recruitment,Relationship Building Recruitement,Skill
Building Relationships with Professional Networks,Corporate,HR,Recruitment,Relationship Building Recruitement,Skill
Building Relationships with Former Employees,Corporate,HR,Recruitment,Relationship Building Recruitement,Skill
Building Relationships with Industry Influencers,Corporate,HR,Recruitment,Relationship Building Recruitement,Skill
Clear and Timely Communication,Corporate,HR,Recruitment,Candidate Experience,Skill
Active Listening,Corporate,HR,Recruitment,Candidate Experience,Skill
Empathy and Emotional Intelligence,Corporate,HR,Recruitment,Candidate Experience,Skill
Professionalism and Courtesy,Corporate,HR,Recruitment,Candidate Experience,Skill
Attention to Detail,Corporate,HR,Recruitment,Candidate Experience,Skill
Organizational Skills,Corporate,HR,Recruitment,Candidate Experience,Skill
Responsive and Prompt Follow-up,Corporate,HR,Recruitment,Candidate Experience,Skill
Creating a Positive First Impression,Corporate,HR,Recruitment,Candidate Experience,Skill
Building Rapport and Trust,Corporate,HR,Recruitment,Candidate Experience,Skill
Respecting Candidate's Time,Corporate,HR,Recruitment,Candidate Experience,Skill
Providing a Transparent Hiring Process,Corporate,HR,Recruitment,Candidate Experience,Skill
Personalized Candidate Interactions,Corporate,HR,Recruitment,Candidate Experience,Skill
Candidate-Focused Approach,Corporate,HR,Recruitment,Candidate Experience,Skill
Ensuring Clarity in Job Descriptions,Corporate,HR,Recruitment,Candidate Experience,Skill
Offering Support and Guidance,Corporate,HR,Recruitment,Candidate Experience,Skill
Respecting Confidentiality,Corporate,HR,Recruitment,Candidate Experience,Skill
Effective Interviewing Techniques,Corporate,HR,Recruitment,Candidate Experience,Skill
Giving Constructive Feedback,Corporate,HR,Recruitment,Candidate Experience,Skill
Maintaining Regular Communication,Corporate,HR,Recruitment,Candidate Experience,Skill
Candidate Experience Assessment,Corporate,HR,Recruitment,Candidate Experience,Skill
Candidate Experience Improvement Strategies,Corporate,HR,Recruitment,Candidate Experience,Skill
Understanding and Addressing Candidate Concerns,Corporate,HR,Recruitment,Candidate Experience,Skill
Seamless Application Process,Corporate,HR,Recruitment,Candidate Experience,Skill
Providing a Welcoming and Inclusive Environment,Corporate,HR,Recruitment,Candidate Experience,Skill
Managing Candidate Expectations,Corporate,HR,Recruitment,Candidate Experience,Skill
Managing Candidate Feedback and Reviews,Corporate,HR,Recruitment,Candidate Experience,Skill
Candidate-Friendly Application Tracking System (ATS),Corporate,HR,Recruitment,Candidate Experience,Skill
Ensuring a Smooth Onboarding Process,Corporate,HR,Recruitment,Candidate Experience,Skill
Recognizing and Rewarding Candidate Referrals,Corporate,HR,Recruitment,Candidate Experience,Skill
Candidate Journey Mapping,Corporate,HR,Recruitment,Candidate Experience,Skill
Addressing and Resolving Candidate Complaints,Corporate,HR,Recruitment,Candidate Experience,Skill
Creating a Positive Interview Experience,Corporate,HR,Recruitment,Candidate Experience,Skill
Recognizing and Valuing Diversity and Inclusion,Corporate,HR,Recruitment,Candidate Experience,Skill
Delivering an Engaging and Informative Careers Website,Corporate,HR,Recruitment,Candidate Experience,Skill
Building Relationships with Candidates,Corporate,HR,Recruitment,Candidate Experience,Skill
Continuous Candidate Experience Measurement,Corporate,HR,Recruitment,Candidate Experience,Skill
Candidate Experience Metrics and Analytics,Corporate,HR,Recruitment,Candidate Experience,Skill
Candidate Satisfaction Surveys,Corporate,HR,Recruitment,Candidate Experience,Skill
Candidate Experience Training for Recruiters,Corporate,HR,Recruitment,Candidate Experience,Skill
Strategic Workforce Planning,Corporate,HR,Recruitment,Talent Pipelining,Skill
Talent Market Research,Corporate,HR,Recruitment,Talent Pipelining,Skill
Candidate Sourcing Techniques,Corporate,HR,Recruitment,Talent Pipelining,Skill
Candidate Engagement and Relationship Building,Corporate,HR,Recruitment,Talent Pipelining,Skill
Proactive Talent Identification,Corporate,HR,Recruitment,Talent Pipelining,Skill
Building and Maintaining Talent Networks,Corporate,HR,Recruitment,Talent Pipelining,Skill
Effective Communication and Influencing Skills,Corporate,HR,Recruitment,Talent Pipelining,Skill
Networking and Relationship Management,Corporate,HR,Recruitment,Talent Pipelining,Skill
Industry and Job Market Knowledge,Corporate,HR,Recruitment,Talent Pipelining,Skill
Building and Nurturing Candidate Relationships,Corporate,HR,Recruitment,Talent Pipelining,Skill
Data Analysis and Forecasting,Corporate,HR,Recruitment,Talent Pipelining,Skill
Identifying High-Potential Candidates,Corporate,HR,Recruitment,Talent Pipelining,Skill
Employer Branding and Candidate Attraction,Corporate,HR,Recruitment,Talent Pipelining,Skill
Understanding of Hiring Needs and Requirements,Corporate,HR,Recruitment,Talent Pipelining,Skill
Utilizing Applicant Tracking Systems (ATS),Corporate,HR,Recruitment,Talent Pipelining,Skill
Candidate Screening and Assessment,Corporate,HR,Recruitment,Talent Pipelining,Skill
Talent Mapping and Mapping Tools,Corporate,HR,Recruitment,Talent Pipelining,Skill
Maintaining Confidentiality and Privacy,Corporate,HR,Recruitment,Talent Pipelining,Skill
Building Relationships with Recruitment Partners,Corporate,HR,Recruitment,Talent Pipelining,Skill
Utilizing Social Media and Online Platforms for Talent Pipelining,Corporate,HR,Recruitment,Talent Pipelining,Skill
Understanding of Diversity and Inclusion Principles,Corporate,HR,Recruitment,Talent Pipelining,Skill
Pipeline Management and Tracking,Corporate,HR,Recruitment,Talent Pipelining,Skill
Talent Relationship Management (TRM) Tools and Systems,Corporate,HR,Recruitment,Talent Pipelining,Skill
Tracking and Analyzing Key Metrics and KPIs,Corporate,HR,Recruitment,Talent Pipelining,Skill
Employment Laws and Compliance,Corporate,HR,Recruitment,Talent Pipelining,Skill
Building Relationships with Educational Institutions,Corporate,HR,Recruitment,Talent Pipelining,Skill
Identifying Passive Candidates,Corporate,HR,Recruitment,Talent Pipelining,Skill
Developing Long-Term Talent Strategies,Corporate,HR,Recruitment,Talent Pipelining,Skill
Utilizing Candidate Relationship Management (CRM) Systems,Corporate,HR,Recruitment,Talent Pipelining,Skill
Proactive Talent Pooling and Talent Pool Management,Corporate,HR,Recruitment,Talent Pipelining,Skill
Talent Pipeline Nurturing and Engagement Strategies,Corporate,HR,Recruitment,Talent Pipelining,Skill
Building Relationships with Professional Networks and Associations,Corporate,HR,Recruitment,Talent Pipelining,Skill
Market Intelligence and Trend Analysis,Corporate,HR,Recruitment,Talent Pipelining,Skill
Creating Personalized Candidate Experiences,Corporate,HR,Recruitment,Talent Pipelining,Skill
Forecasting Future Talent Needs,Corporate,HR,Recruitment,Talent Pipelining,Skill
Building Relationships with Alumni Networks,Corporate,HR,Recruitment,Talent Pipelining,Skill
Collaborating with Hiring Managers and Business Stakeholders,Corporate,HR,Recruitment,Talent Pipelining,Skill
Talent Pipelining Best Practices,Corporate,HR,Recruitment,Talent Pipelining,Skill
Data Analytics and Reporting,Corporate,HR,Recruitment,Data-driven Recruitment,Skill
Talent Market Analysis,Corporate,HR,Recruitment,Data-driven Recruitment,Skill
Predictive Analytics for Hiring,Corporate,HR,Recruitment,Data-driven Recruitment,Skill
Application Tracking System (ATS) Data Analysis,Corporate,HR,Recruitment,Data-driven Recruitment,Skill
Candidate Sourcing Analytics,Corporate,HR,Recruitment,Data-driven Recruitment,Skill
Resume/CV Parsing and Screening,Corporate,HR,Recruitment,Data-driven Recruitment,Skill
Skills and Competency Assessment,Corporate,HR,Recruitment,Data-driven Recruitment,Skill
Behavioral and Performance Data Analysis,Corporate,HR,Recruitment,Data-driven Recruitment,Skill
Social Media Data Analysis,Corporate,HR,Recruitment,Data-driven Recruitment,Skill
Candidate Engagement Metrics,Corporate,HR,Recruitment,Data-driven Recruitment,Skill
Cost per Hire Analysis,Corporate,HR,Recruitment,Data-driven Recruitment,Skill
Time to Fill Analysis,Corporate,HR,Recruitment,Data-driven Recruitment,Skill
Quality of Hire Metrics,Corporate,HR,Recruitment,Data-driven Recruitment,Skill
Conversion Rates Analysis,Corporate,HR,Recruitment,Data-driven Recruitment,Skill
Source of Hire Analysis,Corporate,HR,Recruitment,Data-driven Recruitment,Skill
Applicant Funnel Analysis,Corporate,HR,Recruitment,Data-driven Recruitment,Skill
Candidate Experience Feedback Analysis,Corporate,HR,Recruitment,Data-driven Recruitment,Skill
Interview Performance Assessment,Corporate,HR,Recruitment,Data-driven Recruitment,Skill
Diversity and Inclusion Analytics,Corporate,HR,Recruitment,Data-driven Recruitment,Skill
Recruitment Marketing Campaign Analysis,Corporate,HR,Recruitment,Data-driven Recruitment,Skill
Candidate Assessment and Testing,Corporate,HR,Recruitment,Data-driven Recruitment,Skill
Employee Referral Program Analysis,Corporate,HR,Recruitment,Data-driven Recruitment,Skill
Performance Reviews and Ratings Analysis,Corporate,HR,Recruitment,Data-driven Recruitment,Skill
Exit Interview Analysis,Corporate,HR,Recruitment,Data-driven Recruitment,Skill
Talent Pool Analysis,Corporate,HR,Recruitment,Data-driven Recruitment,Skill
Succession Planning Analytics,Corporate,HR,Recruitment,Data-driven Recruitment,Skill
Competitor Analysis and Benchmarking,Corporate,HR,Recruitment,Data-driven Recruitment,Skill
Recruitment ROI Calculation,Corporate,HR,Recruitment,Data-driven Recruitment,Skill
Candidate Match and Fit Analysis,Corporate,HR,Recruitment,Data-driven Recruitment,Skill
Workforce Planning and Demand Forecasting,Corporate,HR,Recruitment,Data-driven Recruitment,Skill
Market Intelligence and Trend Analysis,Corporate,HR,Recruitment,Data-driven Recruitment,Skill
Utilizing Machine Learning and Artificial Intelligence in Recruitment,Corporate,HR,Recruitment,Data-driven Recruitment,Skill
Statistical Analysis and Data Visualization,Corporate,HR,Recruitment,Data-driven Recruitment,Skill
Utilizing Data for Talent Pipelining,Corporate,HR,Recruitment,Data-driven Recruitment,Skill
Utilizing Data for Employer Branding,Corporate,HR,Recruitment,Data-driven Recruitment,Skill
Utilizing Data for Onboarding and Retention Strategies,Corporate,HR,Recruitment,Data-driven Recruitment,Skill
Utilizing Data for Continuous Improvement in Recruitment,Corporate,HR,Recruitment,Data-driven Recruitment,Skill
Using Big Data for Talent Acquisition,Corporate,HR,Recruitment,Data-driven Recruitment,Skill
Utilizing Predictive Modeling in Recruitment,Corporate,HR,Recruitment,Data-driven Recruitment,Skill
Utilizing Data for Diversity and Inclusion Initiatives,Corporate,HR,Recruitment,Data-driven Recruitment,Skill
Data-Driven Decision Making in Recruitment,Corporate,HR,Recruitment,Data-driven Recruitment,Skill
Utilizing Data for Candidate Screening and Selection,Corporate,HR,Recruitment,Data-driven Recruitment,Skill
Behavioral Interviewing,Corporate,HR,Recruitment,Candidate Assessment,Skill
Competency-Based Assessment,Corporate,HR,Recruitment,Candidate Assessment,Skill
Technical Skills Assessment,Corporate,HR,Recruitment,Candidate Assessment,Skill
Cognitive Ability Assessment,Corporate,HR,Recruitment,Candidate Assessment,Skill
Personality Assessment,Corporate,HR,Recruitment,Candidate Assessment,Skill
Job Simulation Assessment,Corporate,HR,Recruitment,Candidate Assessment,Skill
Critical Thinking Assessment,Corporate,HR,Recruitment,Candidate Assessment,Skill
Problem-Solving Assessment,Corporate,HR,Recruitment,Candidate Assessment,Skill
Emotional Intelligence Assessment,Corporate,HR,Recruitment,Candidate Assessment,Skill
Communication Skills Assessment,Corporate,HR,Recruitment,Candidate Assessment,Skill
Leadership Skills Assessment,Corporate,HR,Recruitment,Candidate Assessment,Skill
Teamwork and Collaboration Assessment,Corporate,HR,Recruitment,Candidate Assessment,Skill
Decision-Making Assessment,Corporate,HR,Recruitment,Candidate Assessment,Skill
Analytical Skills Assessment,Corporate,HR,Recruitment,Candidate Assessment,Skill
Adaptability and Flexibility Assessment,Corporate,HR,Recruitment,Candidate Assessment,Skill
Interpersonal Skills Assessment,Corporate,HR,Recruitment,Candidate Assessment,Skill
Integrity and Ethics Assessment,Corporate,HR,Recruitment,Candidate Assessment,Skill
Cultural Fit Assessment,Corporate,HR,Recruitment,Candidate Assessment,Skill
Motivation and Drive Assessment,Corporate,HR,Recruitment,Candidate Assessment,Skill
Resilience and Stress Management Assessment,Corporate,HR,Recruitment,Candidate Assessment,Skill
Attention to Detail Assessment,Corporate,HR,Recruitment,Candidate Assessment,Skill
Organizational Skills Assessment,Corporate,HR,Recruitment,Candidate Assessment,Skill
Time Management Assessment,Corporate,HR,Recruitment,Candidate Assessment,Skill
Creativity and Innovation Assessment,Corporate,HR,Recruitment,Candidate Assessment,Skill
Conflict Resolution Skills Assessment,Corporate,HR,Recruitment,Candidate Assessment,Skill
Customer Service Skills Assessment,Corporate,HR,Recruitment,Candidate Assessment,Skill
Negotiation Skills Assessment,Corporate,HR,Recruitment,Candidate Assessment,Skill
Presentation Skills Assessment,Corporate,HR,Recruitment,Candidate Assessment,Skill
Sales Skills Assessment,Corporate,HR,Recruitment,Candidate Assessment,Skill
Project Management Skills Assessment,Corporate,HR,Recruitment,Candidate Assessment,Skill
Technical Knowledge Assessment,Corporate,HR,Recruitment,Candidate Assessment,Skill
Data Analysis and Interpretation Assessment,Corporate,HR,Recruitment,Candidate Assessment,Skill
Problem Identification and Solution Assessment,Corporate,HR,Recruitment,Candidate Assessment,Skill
Self-Awareness and Self-Reflection Assessment,Corporate,HR,Recruitment,Candidate Assessment,Skill
Career Motivation and Alignment Assessment,Corporate,HR,Recruitment,Candidate Assessment,Skill
Influence and Persuasion Skills Assessment,Corporate,HR,Recruitment,Candidate Assessment,Skill
Conflict Management Skills Assessment,Corporate,HR,Recruitment,Candidate Assessment,Skill
Customer Relationship Management Assessment,Corporate,HR,Recruitment,Candidate Assessment,Skill
Networking and Relationship Building Assessment,Corporate,HR,Recruitment,Candidate Assessment,Skill
Strategic Thinking and Planning Assessment,Corporate,HR,Recruitment,Candidate Assessment,Skill
Cross-Cultural Competence Assessment,Corporate,HR,Recruitment,Candidate Assessment,Skill
Motivational Fit Assessment,Corporate,HR,Recruitment,Candidate Assessment,Skill
Change Management Skills Assessment,Corporate,HR,Recruitment,Candidate Assessment,Skill
Resilience and Adaptability Assessment,Corporate,HR,Recruitment,Candidate Assessment,Skill
Collaboration and Teamwork Assessment,Corporate,HR,Recruitment,Candidate Assessment,Skill
Listening and Empathy Assessment,Corporate,HR,Recruitment,Candidate Assessment,Skill
Resourcefulness and Initiative Assessment,Corporate,HR,Recruitment,Candidate Assessment,Skill
Interviewing and Interrogation Skills Assessment,Corporate,HR,Recruitment,Candidate Assessment,Skill
Candidate Evaluation and Scoring,Corporate,HR,Recruitment,Candidate Assessment,Skill
Objective Decision Making,Corporate,HR,Recruitment,Candidate Assessment,Skill
Feedback and Assessment Delivery,Corporate,HR,Recruitment,Candidate Assessment,Skill
Candidate Ranking and Comparison,Corporate,HR,Recruitment,Candidate Assessment,Skill
Utilizing Assessment Tools and Technologies,Corporate,HR,Recruitment,Candidate Assessment,Skill
Organizational Orientation,Corporate,HR,Generalist HR,Employee Onboarding,Skill
Effective Communication,Corporate,HR,Generalist HR,Employee Onboarding,Skill
Onboarding Program Development,Corporate,HR,Generalist HR,Employee Onboarding,Skill
Documentation and Paperwork Management,Corporate,HR,Generalist HR,Employee Onboarding,Skill
Welcome and Orientation Presentations,Corporate,HR,Generalist HR,Employee Onboarding,Skill
Company Policies and Procedures,Corporate,HR,Generalist HR,Employee Onboarding,Skill
Setting Performance Expectations,Corporate,HR,Generalist HR,Employee Onboarding,Skill
Goal Setting and Performance Planning,Corporate,HR,Generalist HR,Employee Onboarding,Skill
Building Relationships with New Employees,Corporate,HR,Generalist HR,Employee Onboarding,Skill
Training and Development Coordination,Corporate,HR,Generalist HR,Employee Onboarding,Skill
Technology and Systems Familiarization,Corporate,HR,Generalist HR,Employee Onboarding,Skill
Mentoring and Buddy Programs,Corporate,HR,Generalist HR,Employee Onboarding,Skill
Cultural Assimilation and Integration,Corporate,HR,Generalist HR,Employee Onboarding,Skill
Team Integration and Collaboration,Corporate,HR,Generalist HR,Employee Onboarding,Skill
Feedback and Performance Coaching,Corporate,HR,Generalist HR,Employee Onboarding,Skill
Providing Resources and Tools for Success,Corporate,HR,Generalist HR,Employee Onboarding,Skill
New Hire Paperwork and Compliance,Corporate,HR,Generalist HR,Employee Onboarding,Skill
Workplace Safety and Security Briefing,Corporate,HR,Generalist HR,Employee Onboarding,Skill
Benefits and Compensation Explanation,Corporate,HR,Generalist HR,Employee Onboarding,Skill
Facilitating Social Integration,Corporate,HR,Generalist HR,Employee Onboarding,Skill
Managing Expectations and Resolving Concerns,Corporate,HR,Generalist HR,Employee Onboarding,Skill
Assigning and Tracking Onboarding Tasks,Corporate,HR,Generalist HR,Employee Onboarding,Skill
Introducing Organizational Values and Mission,Corporate,HR,Generalist HR,Employee Onboarding,Skill
Assigning Onboarding Mentors or Coaches,Corporate,HR,Generalist HR,Employee Onboarding,Skill
Encouraging Networking and Relationship Building,Corporate,HR,Generalist HR,Employee Onboarding,Skill
Creating a Positive Onboarding Experience,Corporate,HR,Generalist HR,Employee Onboarding,Skill
Career Development and Growth Planning,Corporate,HR,Generalist HR,Employee Onboarding,Skill
Onboarding Program Evaluation and Improvement,Corporate,HR,Generalist HR,Employee Onboarding,Skill
Onboarding Metrics and Analytics,Corporate,HR,Generalist HR,Employee Onboarding,Skill
Orientation to Department and Team,Corporate,HR,Generalist HR,Employee Onboarding,Skill
Supporting New Employee's Personal Development,Corporate,HR,Generalist HR,Employee Onboarding,Skill
Managing Orientation Events and Activities,Corporate,HR,Generalist HR,Employee Onboarding,Skill
Work-Life Balance Introduction,Corporate,HR,Generalist HR,Employee Onboarding,Skill
Conflict Resolution Skills,Corporate,HR,Generalist HR,Employee Onboarding,Skill
Employee Engagement Strategies,Corporate,HR,Generalist HR,Employee Onboarding,Skill
Promoting Diversity and Inclusion in Onboarding,Corporate,HR,Generalist HR,Employee Onboarding,Skill
Onboarding Compliance with Legal Requirements,Corporate,HR,Generalist HR,Employee Onboarding,Skill
Orientation to Organizational Structure,Corporate,HR,Generalist HR,Employee Onboarding,Skill
Culture and Values Training,Corporate,HR,Generalist HR,Employee Onboarding,Skill
Cross-Functional Awareness and Collaboration,Corporate,HR,Generalist HR,Employee Onboarding,Skill
Creating a Welcoming and Inclusive Environment,Corporate,HR,Generalist HR,Employee Onboarding,Skill
Onboarding Technology and Tools,Corporate,HR,Generalist HR,Employee Onboarding,Skill
Developing Onboarding Guides and Resources,Corporate,HR,Generalist HR,Employee Onboarding,Skill
Change Management during Onboarding,Corporate,HR,Generalist HR,Employee Onboarding,Skill
Introducing Employee Recognition Programs,Corporate,HR,Generalist HR,Employee Onboarding,Skill
Managing Onboarding Budget and Resources,Corporate,HR,Generalist HR,Employee Onboarding,Skill
Effective Communication,Corporate,HR,Generalist HR,Employee Engagement,Skill
Active Listening,Corporate,HR,Generalist HR,Employee Engagement,Skill
Building Trust and Rapport,Corporate,HR,Generalist HR,Employee Engagement,Skill
Empathy and Emotional Intelligence,Corporate,HR,Generalist HR,Employee Engagement,Skill
Recognition and Appreciation,Corporate,HR,Generalist HR,Employee Engagement,Skill
Providing Constructive Feedback,Corporate,HR,Generalist HR,Employee Engagement,Skill
Goal Setting and Alignment,Corporate,HR,Generalist HR,Employee Engagement,Skill
Clear and Transparent Communication,Corporate,HR,Generalist HR,Employee Engagement,Skill
Creating a Positive Work Environment,Corporate,HR,Generalist HR,Employee Engagement,Skill
Building Relationships and Connections,Corporate,HR,Generalist HR,Employee Engagement,Skill
Facilitating Team Collaboration,Corporate,HR,Generalist HR,Employee Engagement,Skill
Conflict Resolution and Mediation,Corporate,HR,Generalist HR,Employee Engagement,Skill
Employee Development and Growth Opportunities,Corporate,HR,Generalist HR,Employee Engagement,Skill
Promoting Work-Life Balance,Corporate,HR,Generalist HR,Employee Engagement,Skill
Encouraging Autonomy and Empowerment,Corporate,HR,Generalist HR,Employee Engagement,Skill
Supporting Workforce Well-being,Corporate,HR,Generalist HR,Employee Engagement,Skill
Promoting Diversity and Inclusion,Corporate,HR,Generalist HR,Employee Engagement,Skill
Employee Recognition Programs,Corporate,HR,Generalist HR,Employee Engagement,Skill
Promoting a Culture of Continuous Learning,Corporate,HR,Generalist HR,Employee Engagement,Skill
Fostering a Sense of Belonging,Corporate,HR,Generalist HR,Employee Engagement,Skill
Promoting a Healthy Feedback Culture,Corporate,HR,Generalist HR,Employee Engagement,Skill
Encouraging Innovation and Creativity,Corporate,HR,Generalist HR,Employee Engagement,Skill
Promoting Career Development Opportunities,Corporate,HR,Generalist HR,Employee Engagement,Skill
Employee Satisfaction and Engagement Surveys,Corporate,HR,Generalist HR,Employee Engagement,Skill
Change Management and Adaptability,Corporate,HR,Generalist HR,Employee Engagement,Skill
Building and Supporting Employee Resource Groups,Corporate,HR,Generalist HR,Employee Engagement,Skill
Promoting Employee Health and Wellness,Corporate,HR,Generalist HR,Employee Engagement,Skill
Creating Opportunities for Employee Voice and Input,Corporate,HR,Generalist HR,Employee Engagement,Skill
Supporting Workforce Diversity and Equal Opportunities,Corporate,HR,Generalist HR,Employee Engagement,Skill
Promoting Employee Work-Life Integration,Corporate,HR,Generalist HR,Employee Engagement,Skill
Promoting Team Building Activities and Events,Corporate,HR,Generalist HR,Employee Engagement,Skill
Promoting Collaboration and Knowledge Sharing,Corporate,HR,Generalist HR,Employee Engagement,Skill
Encouraging Personal and Professional Growth,Corporate,HR,Generalist HR,Employee Engagement,Skill
Celebrating Milestones and Achievements,Corporate,HR,Generalist HR,Employee Engagement,Skill
Promoting a Positive Organizational Culture,Corporate,HR,Generalist HR,Employee Engagement,Skill
Supporting Employee Flexibility and Work Arrangements,Corporate,HR,Generalist HR,Employee Engagement,Skill
Promoting Effective Work-Life Balance Strategies,Corporate,HR,Generalist HR,Employee Engagement,Skill
Creating Opportunities for Employee Socialization,Corporate,HR,Generalist HR,Employee Engagement,Skill
Promoting Employee Well-being and Work Satisfaction,Corporate,HR,Generalist HR,Employee Engagement,Skill
Promoting Workforce Engagement and Ownership,Corporate,HR,Generalist HR,Employee Engagement,Skill
Supporting Employee Skills Development,Corporate,HR,Generalist HR,Employee Engagement,Skill
Promoting Workforce Motivation and Job Satisfaction,Corporate,HR,Generalist HR,Employee Engagement,Skill
Encouraging a Sense of Purpose and Meaning at Work,Corporate,HR,Generalist HR,Employee Engagement,Skill
Providing Opportunities for Employee Feedback and Input,Corporate,HR,Generalist HR,Employee Engagement,Skill
Building and Maintaining Positive Manager-Employee Relationships,Corporate,HR,Generalist HR,Employee Engagement,Skill
Goal Setting and Alignment,Corporate,HR,Generalist HR,Employee Performance Management,Skill
Performance Evaluation and Assessment,Corporate,HR,Generalist HR,Employee Performance Management,Skill
Providing Constructive Feedback,Corporate,HR,Generalist HR,Employee Performance Management,Skill
Performance Coaching and Development,Corporate,HR,Generalist HR,Employee Performance Management,Skill
Performance Improvement Plans,Corporate,HR,Generalist HR,Employee Performance Management,Skill
Setting Performance Expectations,Corporate,HR,Generalist HR,Employee Performance Management,Skill
Performance Measurement and Metrics,Corporate,HR,Generalist HR,Employee Performance Management,Skill
Objective and Fair Performance Appraisal,Corporate,HR,Generalist HR,Employee Performance Management,Skill
Effective Communication,Corporate,HR,Generalist HR,Employee Performance Management,Skill
Performance Recognition and Rewards,Corporate,HR,Generalist HR,Employee Performance Management,Skill
Performance Monitoring and Tracking,Corporate,HR,Generalist HR,Employee Performance Management,Skill
Identifying Performance Gaps and Areas for Improvement,Corporate,HR,Generalist HR,Employee Performance Management,Skill
Performance Documentation and Record-Keeping,Corporate,HR,Generalist HR,Employee Performance Management,Skill
Performance Calibration and Rating Consistency,Corporate,HR,Generalist HR,Employee Performance Management,Skill
Managing Performance Reviews,Corporate,HR,Generalist HR,Employee Performance Management,Skill
Performance Conversations and Dialogues,Corporate,HR,Generalist HR,Employee Performance Management,Skill
Performance Goal Setting and Planning,Corporate,HR,Generalist HR,Employee Performance Management,Skill
Performance Data Analysis and Interpretation,Corporate,HR,Generalist HR,Employee Performance Management,Skill
Managing Performance Improvement Processes,Corporate,HR,Generalist HR,Employee Performance Management,Skill
Conflict Resolution Skills,Corporate,HR,Generalist HR,Employee Performance Management,Skill
Goal Alignment with Organizational Objectives,Corporate,HR,Generalist HR,Employee Performance Management,Skill
Performance Feedback and Feedforward,Corporate,HR,Generalist HR,Employee Performance Management,Skill
Performance Target Setting and Monitoring,Corporate,HR,Generalist HR,Employee Performance Management,Skill
Performance Improvement Strategies,Corporate,HR,Generalist HR,Employee Performance Management,Skill
Performance-based Incentive Programs,Corporate,HR,Generalist HR,Employee Performance Management,Skill
Employee Engagement in Performance Management,Corporate,HR,Generalist HR,Employee Performance Management,Skill
Performance Communication and Transparency,Corporate,HR,Generalist HR,Employee Performance Management,Skill
Performance Alignment with Career Development,Corporate,HR,Generalist HR,Employee Performance Management,Skill
Performance Measurement Tools and Systems,Corporate,HR,Generalist HR,Employee Performance Management,Skill
Performance Assessment Training and Coaching,Corporate,HR,Generalist HR,Employee Performance Management,Skill
Managing Performance Issues and Disciplinary Actions,Corporate,HR,Generalist HR,Employee Performance Management,Skill
Performance Management Best Practices,Corporate,HR,Generalist HR,Employee Performance Management,Skill
Performance Management Policy and Guidelines,Corporate,HR,Generalist HR,Employee Performance Management,Skill
Performance Recognition Programs,Corporate,HR,Generalist HR,Employee Performance Management,Skill
Performance Evaluation Calibration,Corporate,HR,Generalist HR,Employee Performance Management,Skill
Performance-based Succession Planning,Corporate,HR,Generalist HR,Employee Performance Management,Skill
Performance Management Technology and Software,Corporate,HR,Generalist HR,Employee Performance Management,Skill
Performance Management Cycle and Processes,Corporate,HR,Generalist HR,Employee Performance Management,Skill
Managing Performance Expectations,Corporate,HR,Generalist HR,Employee Performance Management,Skill
Managing Performance Challenges and Resistance,Corporate,HR,Generalist HR,Employee Performance Management,Skill
Performance Analysis and Evaluation Techniques,Corporate,HR,Generalist HR,Employee Performance Management,Skill
Performance Management Reporting and Analytics,Corporate,HR,Generalist HR,Employee Performance Management,Skill
Performance Management Training and Development,Corporate,HR,Generalist HR,Employee Performance Management,Skill
Managing Employee Performance Records,Corporate,HR,Generalist HR,Employee Performance Management,Skill
Performance Alignment with Organizational Values,Corporate,HR,Generalist HR,Employee Performance Management,Skill
Managing Performance Metrics and Key Performance Indicators (KPIs),Corporate,HR,Generalist HR,Employee Performance Management,Skill
Performance Management Alignment with Compensation and Rewards,Corporate,HR,Generalist HR,Employee Performance Management,Skill
Compensation Strategy Development,Corporate,HR,Compensation and Benefits,Compensation Management,Skill
Job Analysis and Evaluation,Corporate,HR,Compensation and Benefits,Compensation Management,Skill
Market Pricing and Benchmarking,Corporate,HR,Compensation and Benefits,Compensation Management,Skill
Salary Structure Design,Corporate,HR,Compensation and Benefits,Compensation Management,Skill
Payroll Management,Corporate,HR,Compensation and Benefits,Compensation Management,Skill
Incentive and Bonus Program Design,Corporate,HR,Compensation and Benefits,Compensation Management,Skill
Total Rewards Management,Corporate,HR,Compensation and Benefits,Compensation Management,Skill
Benefits Administration,Corporate,HR,Compensation and Benefits,Compensation Management,Skill
Compensation Compliance and Regulations,Corporate,HR,Compensation and Benefits,Compensation Management,Skill
Compensation Surveys and Data Analysis,Corporate,HR,Compensation and Benefits,Compensation Management,Skill
Performance-Based Pay Systems,Corporate,HR,Compensation and Benefits,Compensation Management,Skill
Salary Negotiation and Offer Management,Corporate,HR,Compensation and Benefits,Compensation Management,Skill
Variable Pay Plan Design,Corporate,HR,Compensation and Benefits,Compensation Management,Skill
Executive Compensation,Corporate,HR,Compensation and Benefits,Compensation Management,Skill
Sales Compensation Planning,Corporate,HR,Compensation and Benefits,Compensation Management,Skill
Compensation Budgeting and Forecasting,Corporate,HR,Compensation and Benefits,Compensation Management,Skill
Compensation Policy Development,Corporate,HR,Compensation and Benefits,Compensation Management,Skill
Compensation Plan Communication,Corporate,HR,Compensation and Benefits,Compensation Management,Skill
Compensation Plan Administration,Corporate,HR,Compensation and Benefits,Compensation Management,Skill
Equity and Stock-Based Compensation,Corporate,HR,Compensation and Benefits,Compensation Management,Skill
Compensation Analysis and Reporting,Corporate,HR,Compensation and Benefits,Compensation Management,Skill
Job Classification and Grading,Corporate,HR,Compensation and Benefits,Compensation Management,Skill
Compensation Plan Evaluation and Review,Corporate,HR,Compensation and Benefits,Compensation Management,Skill
Merit-Based Pay Systems,Corporate,HR,Compensation and Benefits,Compensation Management,Skill
Cost of Living Adjustments (COLA),Corporate,HR,Compensation and Benefits,Compensation Management,Skill
Compensation and Benefits Integration,Corporate,HR,Compensation and Benefits,Compensation Management,Skill
Salary Negotiation Skills,Corporate,HR,Compensation and Benefits,Compensation Management,Skill
Compensation Plan Documentation,Corporate,HR,Compensation and Benefits,Compensation Management,Skill
Compensation Structure Review and Adjustment,Corporate,HR,Compensation and Benefits,Compensation Management,Skill
Market Intelligence and Trend Analysis,Corporate,HR,Compensation and Benefits,Compensation Management,Skill
Compensation Analytics and Metrics,Corporate,HR,Compensation and Benefits,Compensation Management,Skill
Pay Equity Analysis,Corporate,HR,Compensation and Benefits,Compensation Management,Skill
Compensation Committee Support,Corporate,HR,Compensation and Benefits,Compensation Management,Skill
Compensation Package Customization,Corporate,HR,Compensation and Benefits,Compensation Management,Skill
Employee Recognition and Rewards,Corporate,HR,Compensation and Benefits,Compensation Management,Skill
Variable Pay Performance Metrics,Corporate,HR,Compensation and Benefits,Compensation Management,Skill
Compensation Plan Benchmarking,Corporate,HR,Compensation and Benefits,Compensation Management,Skill
Compensation Philosophy Development,Corporate,HR,Compensation and Benefits,Compensation Management,Skill
Compensation System Auditing,Corporate,HR,Compensation and Benefits,Compensation Management,Skill
Compensation Plan Compliance,Corporate,HR,Compensation and Benefits,Compensation Management,Skill
Compensation Plan Effectiveness Evaluation,Corporate,HR,Compensation and Benefits,Compensation Management,Skill
Job Offer Negotiation Skills,Corporate,HR,Compensation and Benefits,Compensation Management,Skill
Compensation Plan Training and Communication,Corporate,HR,Compensation and Benefits,Compensation Management,Skill
Job Pricing and Salary Range Determination,Corporate,HR,Compensation and Benefits,Compensation Management,Skill
Compensation Planning Software Proficiency,Corporate,HR,Compensation and Benefits,Compensation Management,Skill
Global Compensation Management,Corporate,HR,Compensation and Benefits,Compensation Management,Skill
Compensation Strategy Alignment with Business Goals,Corporate,HR,Compensation and Benefits,Compensation Management,Skill
Job Market Research and Analysis,Corporate,HR,Compensation and Benefits,Compensation Management,Skill
Salary.com,Corporate,HR,Compensation and Benefits,Compensation Benchmarking,System or Service
PayScale,Corporate,HR,Compensation and Benefits,Compensation Benchmarking,System or Service
Radford (Aon),Corporate,HR,Compensation and Benefits,Compensation Benchmarking,System or Service
Mercer,Corporate,HR,Compensation and Benefits,Compensation Benchmarking,System or Service
Willis Towers Watson,Corporate,HR,Compensation and Benefits,Compensation Benchmarking,System or Service
Birches Group,Corporate,HR,Compensation and Benefits,Compensation Benchmarking,System or Service
Aon Hewitt,Corporate,HR,Compensation and Benefits,Compensation Benchmarking,System or Service
ERI Economic Research Institute,Corporate,HR,Compensation and Benefits,Compensation Benchmarking,System or Service
Compensation.BLR.com,Corporate,HR,Compensation and Benefits,Compensation Benchmarking,System or Service
WorldatWork,Corporate,HR,Compensation and Benefits,Compensation Benchmarking,System or Service
Hay Group,Corporate,HR,Compensation and Benefits,Compensation Benchmarking,System or Service
Culpepper Compensation Surveys,Corporate,HR,Compensation and Benefits,Compensation Benchmarking,System or Service
Gartner (formerly CEB),Corporate,HR,Compensation and Benefits,Compensation Benchmarking,System or Service
Kenexa (IBM Smarter Workforce),Corporate,HR,Compensation and Benefits,Compensation Benchmarking,System or Service
Aon Radford,Corporate,HR,Compensation and Benefits,Compensation Benchmarking,System or Service
ECA International,Corporate,HR,Compensation and Benefits,Compensation Benchmarking,System or Service
Compdata Surveys & Consulting,Corporate,HR,Compensation and Benefits,Compensation Benchmarking,System or Service
GulfTalent,Corporate,HR,Compensation and Benefits,Compensation Benchmarking,System or Service
Compensation Force,Corporate,HR,Compensation and Benefits,Compensation Benchmarking,System or Service
SurveyMonkey Apply,Corporate,HR,Compensation and Benefits,Compensation Benchmarking,System or Service
PeopleTicker,Corporate,HR,Compensation and Benefits,Compensation Benchmarking,System or Service
CompensationXL,Corporate,HR,Compensation and Benefits,Compensation Benchmarking,System or Service
SalaryExpert,Corporate,HR,Compensation and Benefits,Compensation Benchmarking,System or Service
Tower Watson Data Services,Corporate,HR,Compensation and Benefits,Compensation Benchmarking,System or Service
